{"cameraMode":{"drawMode":0,"name":"Shaded","section":"Shading Mode"},"sceneLighting":true,"audioPlay":false,"sceneViewState":{"m_AlwaysRefresh":false,"showFog":true,"showSkybox":true,"showFlares":true,"showImageEffects":true,"showParticleSystems":true,"showVisualEffectGraphs":true,"m_FxEnabled":true},"in2DMode":false,"pivot":{"x":-0.6914077401161194,"y":-0.9080233573913574,"z":5.730687141418457},"rotation":{"x":0.17744040489196778,"y":0.06934352964162827,"z":-0.012408876791596413,"w":0.9816988110542297},"size":5.874907970428467,"orthographic":false}